{"train/cls_loss":2.60479,"train/dfl_loss":2.43896,"_wandb":{"runtime":1255},"lr/pg1":0.011415,"_runtime":1255.178393823,"_step":1,"_timestamp":1.7616403028913026e+09,"train/box_loss":2.21367,"lr/pg0":0.011415,"lr/pg2":0.011415}